{
  "experiment": "fp_vs_fp",
  "run": "MatchingPennies_2026-02-18_21-55-43",
  "game_name": "MatchingPennies",
  "game_key": "matching_pennies",
  "n_rounds": 5000,
  "window": 500,
  "state_source": null,
  "payoff_total_p1": 94.0,
  "payoff_total_p2": -94.0,
  "payoff_mean_p1": 0.0188,
  "payoff_mean_p2": -0.0188,
  "entropy_p1": 0.6931443005571805,
  "entropy_p2": 0.6930888594261516,
  "final_regret_p1": 23.902369898813333,
  "final_regret_p2": 203.65538258050933,
  "exploitability_kind": "zero_sum_minimax_gap",
  "exploitability_final": 0.013199999999999934,
  "t_exploit_lt_0_10": 280,
  "t_exploit_lt_0_05": 340,
  "notes": null
}