{
  "experiment": "fp_vs_fp",
  "run": "AntiCoordination_2026-02-18_21-55-40",
  "game_name": "AntiCoordination",
  "game_key": "anti_coordination",
  "n_rounds": 5000,
  "window": 500,
  "state_source": null,
  "payoff_total_p1": 4997.0,
  "payoff_total_p2": 4997.0,
  "payoff_mean_p1": 0.9994,
  "payoff_mean_p2": 0.9994,
  "entropy_p1": -0.0,
  "entropy_p2": 0.005050968505638118,
  "final_regret_p1": -6.376070555716288,
  "final_regret_p2": -5.094708812992458,
  "exploitability_kind": "general_sum_exploitability_sum",
  "exploitability_final": 0.0006000000000000449,
  "t_exploit_lt_0_10": 1,
  "t_exploit_lt_0_05": 1,
  "notes": null,
  "exploit1": 0.0,
  "exploit2": 0.0006000000000000449,
  "exploit_total": 0.0006000000000000449,
  "u1": 0.9994,
  "u2": 0.9994
}