{
  "experiment": "fp_vs_fp",
  "run": "TerrainGame_2026-02-20_03-53-44",
  "game_name": "TerrainGame",
  "game_key": "terrain_sensor",
  "n_rounds": 5000,
  "window": 500,
  "state_source": "csv",
  "payoff_total_p1": 4986.0,
  "payoff_total_p2": -4986.0,
  "payoff_mean_p1": 0.9972,
  "payoff_mean_p2": -0.9972,
  "entropy_p1": 2.769512196546817,
  "entropy_p2": 2.994385112031434,
  "final_regret_p1": 13.448128401984253,
  "final_regret_p2": 2.6960537111799434,
  "exploitability_kind": "zero_sum_minimax_gap",
  "exploitability_final": 0.01384801407705405,
  "t_exploit_lt_0_10": 1,
  "t_exploit_lt_0_05": 1,
  "notes": null
}