{
  "experiment": "rl_vs_fp",
  "run": "MatchingPennies_2026-02-18_21-56-02",
  "game_name": "MatchingPennies",
  "game_key": "matching_pennies",
  "n_rounds": 5000,
  "window": 500,
  "state_source": "npz",
  "payoff_total_p1": 318.0,
  "payoff_total_p2": -318.0,
  "payoff_mean_p1": 0.0636,
  "payoff_mean_p2": -0.0636,
  "entropy_p1": 0.6931471805599453,
  "entropy_p2": 0.6930888594261516,
  "final_regret_p1": -278.16480441315537,
  "final_regret_p2": 341.8301070224979,
  "exploitability_kind": "zero_sum_minimax_gap",
  "exploitability_final": 0.010799999999999976,
  "t_exploit_lt_0_10": 81,
  "t_exploit_lt_0_05": 97,
  "notes": null
}