state,visits,u_emp,exploitability
0,2526,0.20036137236869572,0.05344418052256539
1,2474,-0.28392876865235145,0.11075181891673402
