{
  "experiment": "fp_vs_rl",
  "run": "PrisonersDilemma_2026-02-20_03-53-51",
  "game_name": "PrisonersDilemma",
  "game_key": "prisoners_dilemma",
  "n_rounds": 5000,
  "window": 500,
  "state_source": "csv",
  "payoff_total_p1": 5948.0,
  "payoff_total_p2": 4684.0,
  "payoff_mean_p1": 1.1896,
  "payoff_mean_p2": 0.9368,
  "entropy_p1": -0.0,
  "entropy_p2": 0.23568312700208946,
  "final_regret_p1": 1001.6981040410014,
  "final_regret_p2": 340.2841264389765,
  "exploitability_kind": "general_sum_exploitability_sum",
  "exploitability_final": 0.06320000000000003,
  "t_exploit_lt_0_10": 556,
  "t_exploit_lt_0_05": 1080,
  "notes": null,
  "exploit1": 0.0,
  "exploit2": 0.06320000000000003,
  "exploit_total": 0.06320000000000003,
  "u1": 1.1896,
  "u2": 0.9368
}