{
  "experiment": "fp_vs_fp",
  "run": "PrisonersDilemma_2026-02-18_21-55-46",
  "game_name": "PrisonersDilemma",
  "game_key": "prisoners_dilemma",
  "n_rounds": 5000,
  "window": 500,
  "state_source": null,
  "payoff_total_p1": 5003.0,
  "payoff_total_p2": 4999.0,
  "payoff_mean_p1": 1.0006,
  "payoff_mean_p2": 0.9998,
  "entropy_p1": -0.0,
  "entropy_p2": 0.001903418636949759,
  "final_regret_p1": 24.85819599204065,
  "final_regret_p2": 25.284126438977196,
  "exploitability_kind": "general_sum_exploitability_sum",
  "exploitability_final": 0.00019999999999997797,
  "t_exploit_lt_0_10": 1,
  "t_exploit_lt_0_05": 1,
  "notes": null,
  "exploit1": 0.0,
  "exploit2": 0.00019999999999997797,
  "exploit_total": 0.00019999999999997797,
  "u1": 1.0006,
  "u2": 0.9998
}