state,visits,u_emp,exploitability
0,2526,0.19994668276527444,0.03958828186856689
1,2474,-0.2859664520716339,0.056992724333063904
