{
  "experiment": "rl_vs_rl",
  "run": "AntiCoordination_2026-02-18_21-56-15",
  "game_name": "AntiCoordination",
  "game_key": "anti_coordination",
  "n_rounds": 5000,
  "window": 500,
  "state_source": "npz",
  "payoff_total_p1": 4499.0,
  "payoff_total_p2": 4499.0,
  "payoff_mean_p1": 0.8998,
  "payoff_mean_p2": 0.8998,
  "entropy_p1": 0.21919268351724103,
  "entropy_p2": 0.1907873441635326,
  "final_regret_p1": 273.72773338373315,
  "final_regret_p2": 128.63263469209235,
  "exploitability_kind": "general_sum_exploitability_sum",
  "exploitability_final": 0.0937548800000001,
  "t_exploit_lt_0_10": 506,
  "t_exploit_lt_0_05": null,
  "notes": null,
  "exploit1": 0.05177744000000006,
  "exploit2": 0.04197744000000003,
  "exploit_total": 0.0937548800000001,
  "u1": 0.9008225599999999,
  "u2": 0.9008225599999999
}