state,visits,u_emp,exploitability
0,2526,0.1999236444539732,0.018210609659540855
1,2474,-0.286240768176587,0.055780113177041346
