{
  "experiment": "rl_vs_rl",
  "run": "PrisonersDilemma_2026-02-20_03-54-10",
  "game_name": "PrisonersDilemma",
  "game_key": "prisoners_dilemma",
  "n_rounds": 5000,
  "window": 500,
  "state_source": "csv",
  "payoff_total_p1": 13663.0,
  "payoff_total_p2": 13659.0,
  "payoff_mean_p1": 2.7326,
  "payoff_mean_p2": 2.7318,
  "entropy_p1": 0.3939204149736461,
  "entropy_p2": 0.39354703353097087,
  "final_regret_p1": 4425.34036484139,
  "final_regret_p2": 4338.482368581677,
  "exploitability_kind": "general_sum_exploitability_sum",
  "exploitability_final": 1.7321999999999997,
  "t_exploit_lt_0_10": null,
  "t_exploit_lt_0_05": null,
  "notes": null,
  "exploit1": 0.8659999999999997,
  "exploit2": 0.8662000000000001,
  "exploit_total": 1.7321999999999997,
  "u1": 2.7326,
  "u2": 2.7318
}