{
  "experiment": "fp_vs_rl",
  "run": "AntiCoordination_2026-02-20_03-53-51",
  "game_name": "AntiCoordination",
  "game_key": "anti_coordination",
  "n_rounds": 5000,
  "window": 500,
  "state_source": "csv",
  "payoff_total_p1": 4750.0,
  "payoff_total_p2": 4750.0,
  "payoff_mean_p1": 0.95,
  "payoff_mean_p2": 0.95,
  "entropy_p1": 0.001903418636949759,
  "entropy_p2": 0.1979259339644823,
  "final_regret_p1": 2.535424007741644,
  "final_regret_p2": 234.64391570734924,
  "exploitability_kind": "general_sum_exploitability_sum",
  "exploitability_final": 0.04996016000000003,
  "t_exploit_lt_0_10": 10,
  "t_exploit_lt_0_05": 21,
  "notes": null,
  "exploit1": 0.00018008000000002689,
  "exploit2": 0.049780080000000004,
  "exploit_total": 0.04996016000000003,
  "u1": 0.95001992,
  "u2": 0.95001992
}