state,visits,u_emp,exploitability
0,2526,0.19962085521972905,0.034837688044338844
1,2474,-0.28561894143718763,0.052950687146321784
