{
  "experiment": "fp_vs_rl",
  "run": "MatchingPennies_2026-02-20_03-53-51",
  "game_name": "MatchingPennies",
  "game_key": "matching_pennies",
  "n_rounds": 5000,
  "window": 500,
  "state_source": "csv",
  "payoff_total_p1": -334.0,
  "payoff_total_p2": 334.0,
  "payoff_mean_p1": -0.0668,
  "payoff_mean_p2": 0.0668,
  "entropy_p1": 0.6931432605548231,
  "entropy_p2": 0.6931468605599111,
  "final_regret_p1": 360.49853379399997,
  "final_regret_p2": -285.11200338319463,
  "exploitability_kind": "zero_sum_minimax_gap",
  "exploitability_final": 0.0035999999999999366,
  "t_exploit_lt_0_10": 115,
  "t_exploit_lt_0_05": 171,
  "notes": null
}