{
  "experiment": "rl_vs_rl",
  "run": "TerrainGame_2026-02-20_03-54-11",
  "game_name": "TerrainGame",
  "game_key": "terrain_sensor",
  "n_rounds": 5000,
  "window": 500,
  "state_source": "csv",
  "payoff_total_p1": 4988.0,
  "payoff_total_p2": -4988.0,
  "payoff_mean_p1": 0.9976,
  "payoff_mean_p2": -0.9976,
  "entropy_p1": 1.2370685577395157,
  "entropy_p2": 2.995626136987983,
  "final_regret_p1": 11.448899221727277,
  "final_regret_p2": -1.7383802019648158,
  "exploitability_kind": "zero_sum_minimax_gap",
  "exploitability_final": 0.001889257592527227,
  "t_exploit_lt_0_10": 1,
  "t_exploit_lt_0_05": 1,
  "notes": null
}