state,visits,u_emp,exploitability
0,2526,0.19993806298893724,0.04038004750593821
1,2474,-0.2859476632973221,0.058205335489086574
